{
  "id": "block_rummage:pebbles",
  "target": {
    "tag" : "minecraft:dirt"
  },
  "held_item_data": {
    "type": "block_rummage:empty_hand"
  },
  "result": [
    {
      "output": {
        "item" : "exnihilosequentia:stone_pebble"
      },
      "chance" : 0.75,
      "amount": 1
    },
    {
      "output": {
        "item" : "exnihilosequentia:andesite_pebble"
      },
      "chance" : 0.5,
      "amount": 1
    },
    {
      "output": {
        "item" : "exnihilosequentia:diorite_pebble"
      },
      "chance" : 0.5,
      "amount": 1
    },
    {
      "output": {
        "item" : "exnihilosequentia:granite_pebble"
      },
      "chance" : 0.5,
      "amount": 1
    }
  ]
}